<?xml version="1.0" encoding="UTF-8"?>
<faceted-project>
  <runtime name="BEA WebLogic v9.2"/>
  <fixed facet="jst.web"/>
  <fixed facet="jst.java"/>
  <installed facet="wls.webservices" version="9.2.0"/>
  <installed facet="jst.web" version="2.4"/>
  <installed facet="jst.java" version="5.0"/>
  <installed facet="workshop.webservices" version="1.0"/>
  <installed facet="wls.web" version="9.2.0"/>
  <installed facet="workshop.xmlbeans" version="2.0"/>
  <installed facet="wls.logging" version="9.2.0"/>
  <installed facet="java.apt" version="5.0"/>
</faceted-project>
