<?xml version='1.0' encoding='UTF-8'?>
<j2ee:java-wsdl-mapping xmlns:j2ee="http://java.sun.com/xml/ns/j2ee" xmlns:xsi="http://www.w3.org/2001/XMLSchema-instance" version="1.1">
  <j2ee:package-mapping>
    <j2ee:package-type>com.alsb.client</j2ee:package-type>
    <j2ee:namespaceURI>http://www.alsb.com/EchoService/</j2ee:namespaceURI>
  </j2ee:package-mapping>
  <j2ee:java-xml-type-mapping>
    <j2ee:java-type>java.lang.String</j2ee:java-type>
    <j2ee:root-type-qname xmlns:ech="http://www.alsb.com/EchoService/">ech:EchoResponse</j2ee:root-type-qname>
    <j2ee:qname-scope>element</j2ee:qname-scope>
  </j2ee:java-xml-type-mapping>
  <j2ee:java-xml-type-mapping>
    <j2ee:java-type>java.lang.String</j2ee:java-type>
    <j2ee:root-type-qname xmlns:ech="http://www.alsb.com/EchoService/">ech:Echo</j2ee:root-type-qname>
    <j2ee:qname-scope>element</j2ee:qname-scope>
  </j2ee:java-xml-type-mapping>
  <j2ee:service-interface-mapping>
    <j2ee:service-interface>com.alsb.client.EchoService_Service</j2ee:service-interface>
    <j2ee:wsdl-service-name xmlns:ech="http://www.alsb.com/EchoService/">ech:EchoService</j2ee:wsdl-service-name>
    <j2ee:port-mapping>
      <j2ee:port-name>EchoServiceSOAP</j2ee:port-name>
      <j2ee:java-port-name>EchoServiceSOAP</j2ee:java-port-name>
    </j2ee:port-mapping>
  </j2ee:service-interface-mapping>
  <j2ee:service-endpoint-interface-mapping>
    <j2ee:service-endpoint-interface>com.alsb.client.EchoService_PortType</j2ee:service-endpoint-interface>
    <j2ee:wsdl-port-type xmlns:ech="http://www.alsb.com/EchoService/">ech:EchoService</j2ee:wsdl-port-type>
    <j2ee:wsdl-binding xmlns:ech="http://www.alsb.com/EchoService/">ech:EchoServiceSOAP</j2ee:wsdl-binding>
    <j2ee:service-endpoint-method-mapping>
      <j2ee:java-method-name>echo</j2ee:java-method-name>
      <j2ee:wsdl-operation>Echo</j2ee:wsdl-operation>
      <j2ee:method-param-parts-mapping>
        <j2ee:param-position>0</j2ee:param-position>
        <j2ee:param-type>java.lang.String</j2ee:param-type>
        <j2ee:wsdl-message-mapping>
          <j2ee:wsdl-message xmlns:ech="http://www.alsb.com/EchoService/">ech:Echo</j2ee:wsdl-message>
          <j2ee:wsdl-message-part-name>Echo</j2ee:wsdl-message-part-name>
          <j2ee:parameter-mode>IN</j2ee:parameter-mode>
        </j2ee:wsdl-message-mapping>
      </j2ee:method-param-parts-mapping>
      <j2ee:wsdl-return-value-mapping>
        <j2ee:method-return-value>java.lang.String</j2ee:method-return-value>
        <j2ee:wsdl-message xmlns:ech="http://www.alsb.com/EchoService/">ech:EchoResponse</j2ee:wsdl-message>
        <j2ee:wsdl-message-part-name>EchoResponse</j2ee:wsdl-message-part-name>
      </j2ee:wsdl-return-value-mapping>
    </j2ee:service-endpoint-method-mapping>
  </j2ee:service-endpoint-interface-mapping>
</j2ee:java-wsdl-mapping>
