<?xml version="1.0" encoding="ISO-8859-1"?>
<project name="EJBBusiness" default="all" basedir=".">
    <!-- set global properties for this build -->
	<property file="../examples.properties" />
    <property name="src.dir" value="src"/>
	<property name="gensrc.dir" value="gensrc"/>
	<property name="build.dir" value="build"/>
	<property name="classes.dir" value="classes" />
	<property name="dist.dir" value="./dist" />
	<property name="jar.file" value="ejbBusiness.jar" />
	<property name="ear.file" value="ejbBusiness.ear" />
	<property name="deploy.name"  value="EJBBusiness"/>
	
	<!-- Standard WebLogic ANT tasks -->
	<taskdef name="jwsc" classname="weblogic.wsee.tools.anttasks.JwscTask" />
	<taskdef name="clientgen" classname="weblogic.wsee.tools.anttasks.ClientGenTask" />
	<taskdef name="wldeploy" classname="weblogic.ant.taskdefs.management.WLDeploy"/>
	<taskdef name="ejbgen" classname="com.bea.wls.ejbgen.ant.EJBGenAntTask" />
	
	
	<!--
	========================================
	              Path Section
	========================================
	-->
	<path id="javabuild.class.path">
	    <pathelement path="${classes.dir}"/>
	    <fileset dir="${weblogic.home}/server/lib">
	    	<include name="weblogic.jar"/>
	    </fileset>
	</path>
	
	<target name="all" depends="clean,generate,compile,jar,ear,deploy" 
		description="Build and deploy the EJBBusiness stateless session bean">
	</target>
	
	<target name="generate">
		<ejbgen
			source="1.5"
			outputDir="${gensrc.dir}"
			descriptorDir = "${build.dir}/META-INF"
			forceGeneration="true">
			<fileset dir="${src.dir}/com/alsb/business"
				includes="EJBBusiness.java" />
		</ejbgen>
	</target>

	
	<!-- Compile ejb classes into the build directory (jar preparation) -->
	  <target name="compile">
	    <javac srcdir="${src.dir};${gensrc.dir}" destdir="${build.dir}"
	       includes="**/EJBBusiness*.java"/>
	  </target>

	  <!-- Update ejb jar file or create it if it doesn't exist, including XML 
	    deployment descriptors -->
	  <target name="jar" depends="compile">
	    <jar jarfile="${dist.dir}/${jar.file}"
	      basedir="${build.dir}"
	      update="yes">
	    </jar>
	  </target>
	
	<!-- Put the ejb into an ear, to be deployed from the ${auto.deploy.dir} dir -->
	  <target name="ear" depends="jar">
	    <ear earfile="${dist.dir}/${ear.file}" appxml="EJBBusiness/application.xml">
	      <fileset dir="${dist.dir}" includes="${jar.file}"/>
	    </ear>
	  </target>
	
	
    <target name="clean" description="Removes all generated files">
        <delete dir="${classes.dir}" failonerror="false"/>
    	<delete dir="${dist.dir}" failonerror="false"/>
    	<delete dir="${build.dir}" failonerror="false"/>
    	<delete dir="${gensrc.dir}" failonerror="false"/>
    	<delete dir="${ear.dir}" failonerror="false"/>
    	<mkdir dir="${classes.dir}" />
    	<mkdir dir="${build.dir}" />
    	<mkdir dir="${dist.dir}" />
    </target>
    
	<target name="deploy" description="Deploy the EJBBusiness bean to the server">
		<wldeploy action="deploy"
		      name="${deploy.name}"
		      source="${dist.dir}/${ear.file}" user="${wls.username}"
		      password="${wls.password}" verbose="true" 
		      adminurl="t3://${wls.hostname}:${wls.port}"
		      targets="${wls.server.name}"/>
	</target>

	<target name="undeploy" description="Undeploy the EJBBusiness bean">
		    <wldeploy action="undeploy" failonerror="false"
		      name="${deploy.name}"
		      user="${wls.username}" password="${wls.password}" verbose="true" 
		      adminurl="t3://${wls.hostname}:${wls.port}"
		      targets="${wls.server.name}"/>
	</target>
</project>
