<?xml version="1.0" encoding="ISO-8859-1"?>
<project name="Pojo" default="all" basedir=".">
    <!-- set global properties for this build -->
	<property file="../examples.properties" />
    <property name="src.dir" value="src"/>
	<property name="build.dir" value="build"/>
	<property name="classes.dir" value="classes" />
	<property name="dist.dir" value="./dist" />
	<property name="jar.file" value="pojo.jar" />
	
	<!-- Standard WebLogic ANT tasks -->
	<taskdef name="jwsc" classname="weblogic.wsee.tools.anttasks.JwscTask" />
	<taskdef name="clientgen" classname="weblogic.wsee.tools.anttasks.ClientGenTask" />
	<taskdef name="wldeploy" classname="weblogic.ant.taskdefs.management.WLDeploy"/>
	<taskdef name="ejbgen" classname="com.bea.wls.ejbgen.ant.EJBGenAntTask" />
	
	
	<!--
	========================================
	              Path Section
	========================================
	-->
	<path id="javabuild.class.path">
	    <pathelement path="${classes.dir}"/>
	    <fileset dir="${weblogic.home}/server/lib">
	    	<include name="weblogic.jar"/>
	    </fileset>
	</path>
	
	<target name="all" depends="clean,compile,jar" 
		description="Build and deploy the EJBBusiness stateless session bean">
	</target>

	
	<!-- Compile ejb classes into the build directory (jar preparation) -->
	  <target name="compile" depends="clean">
	    <javac srcdir="${src.dir}" destdir="${build.dir}"
	       includes="**/Pojo.java"/>
	  </target>

	  <!-- Update ejb jar file or create it if it doesn't exist, including XML 
	    deployment descriptors -->
	  <target name="jar" depends="compile">
	    <jar jarfile="${dist.dir}/${jar.file}"
	      basedir="${build.dir}"
	      update="yes">
	    </jar>
	  </target>
	
	
    <target name="clean" description="Removes all generated files">
        <delete dir="${classes.dir}" failonerror="false"/>
    	<delete dir="${dist.dir}" failonerror="false"/>
    	<delete dir="${build.dir}" failonerror="false"/>
    	<mkdir dir="${classes.dir}" />
    	<mkdir dir="${build.dir}" />
    	<mkdir dir="${dist.dir}" />
    </target>
</project>
