<?xml version='1.0' encoding='UTF-8'?>
<j2ee:java-wsdl-mapping xmlns:j2ee="http://java.sun.com/xml/ns/j2ee" xmlns:xsi="http://www.w3.org/2001/XMLSchema-instance" version="1.1">
  <j2ee:package-mapping>
    <j2ee:package-type>com.alsb.client</j2ee:package-type>
    <j2ee:namespaceURI>http://www.alsb.com</j2ee:namespaceURI>
  </j2ee:package-mapping>
  <j2ee:service-interface-mapping>
    <j2ee:service-interface>com.alsb.client.HelloWorldService</j2ee:service-interface>
    <j2ee:wsdl-service-name xmlns:alsb="http://www.alsb.com">alsb:HelloWorldService</j2ee:wsdl-service-name>
    <j2ee:port-mapping>
      <j2ee:port-name>HelloWorldSoapPort</j2ee:port-name>
      <j2ee:java-port-name>HelloWorldSoapPort</j2ee:java-port-name>
    </j2ee:port-mapping>
  </j2ee:service-interface-mapping>
  <j2ee:service-endpoint-interface-mapping>
    <j2ee:service-endpoint-interface>com.alsb.client.HelloWorld</j2ee:service-endpoint-interface>
    <j2ee:wsdl-port-type xmlns:alsb="http://www.alsb.com">alsb:HelloWorld</j2ee:wsdl-port-type>
    <j2ee:wsdl-binding xmlns:alsb="http://www.alsb.com">alsb:HelloWorldServiceSoapBinding</j2ee:wsdl-binding>
    <j2ee:service-endpoint-method-mapping>
      <j2ee:java-method-name>getGreeting</j2ee:java-method-name>
      <j2ee:wsdl-operation>getGreeting</j2ee:wsdl-operation>
      <j2ee:wrapped-element></j2ee:wrapped-element>
      <j2ee:method-param-parts-mapping>
        <j2ee:param-position>0</j2ee:param-position>
        <j2ee:param-type>java.lang.String</j2ee:param-type>
        <j2ee:wsdl-message-mapping>
          <j2ee:wsdl-message xmlns:alsb="http://www.alsb.com">alsb:getGreeting</j2ee:wsdl-message>
          <j2ee:wsdl-message-part-name>name</j2ee:wsdl-message-part-name>
          <j2ee:parameter-mode>IN</j2ee:parameter-mode>
        </j2ee:wsdl-message-mapping>
      </j2ee:method-param-parts-mapping>
      <j2ee:wsdl-return-value-mapping>
        <j2ee:method-return-value>java.lang.String</j2ee:method-return-value>
        <j2ee:wsdl-message xmlns:alsb="http://www.alsb.com">alsb:getGreetingResponse</j2ee:wsdl-message>
        <j2ee:wsdl-message-part-name>return</j2ee:wsdl-message-part-name>
      </j2ee:wsdl-return-value-mapping>
    </j2ee:service-endpoint-method-mapping>
  </j2ee:service-endpoint-interface-mapping>
</j2ee:java-wsdl-mapping>
