<?xml version="1.0" encoding="UTF-8"?>
<weblogic-extension xmlns="http://www.bea.com/ns/weblogic/90">

    <module-provider>
        <name>wlw-runtime-config</name>
        <module-factory-class-name>com.bea.wlw.runtime.descriptor.module.ConfigModuleFactory</module-factory-class-name>
    </module-provider>

    <custom-module>
        <uri>WEB-INF/beehive-url-template-config.xml</uri>
        <provider-name>wlw-runtime-config</provider-name>
        <configuration-support>
            <base-root-element>url-template-config</base-root-element>
            <base-namespace>http://beehive.apache.org/netui/2004/server/url-template-config</base-namespace>
            <base-uri>WEB-INF/beehive-url-template-config.xml</base-uri>
            <base-package-name>com.bea.wlw.runtime.descriptor.urltemplate.config</base-package-name>
        </configuration-support>
    </custom-module>

</weblogic-extension>
