<?xml version="1.0" encoding="UTF-8"?>
<soapenv:Body
	xmlns:soapenv="http://schemas.xmlsoap.org/soap/envelope/">
	<m:getProductCatalogResponse
		xmlns:soapenv="http://schemas.xmlsoap.org/soap/envelope/"
		xmlns:m="http://www.alsb.com/">
		<m:productList
			xmlns:soapenv="http://schemas.xmlsoap.org/soap/envelope/"
			xmlns:m="http://www.alsb.com/">
			<Product
				xmlns:soapenv="http://schemas.xmlsoap.org/soap/envelope/"
				xmlns:m="http://www.alsb.com/">
				<CreditNeeded
					xmlns:soapenv="http://schemas.xmlsoap.org/soap/envelope/"
					xmlns:m="http://www.alsb.com/">
					610
				</CreditNeeded>
				<Name
					xmlns:soapenv="http://schemas.xmlsoap.org/soap/envelope/"
					xmlns:m="http://www.alsb.com/">
					Television
				</Name>
			</Product>
			<Product
				xmlns:soapenv="http://schemas.xmlsoap.org/soap/envelope/"
				xmlns:m="http://www.alsb.com/">
				<CreditNeeded
					xmlns:soapenv="http://schemas.xmlsoap.org/soap/envelope/"
					xmlns:m="http://www.alsb.com/">
					500
				</CreditNeeded>
				<Name
					xmlns:soapenv="http://schemas.xmlsoap.org/soap/envelope/"
					xmlns:m="http://www.alsb.com/">
					Microwave
				</Name>
			</Product>
			<Product
				xmlns:soapenv="http://schemas.xmlsoap.org/soap/envelope/"
				xmlns:m="http://www.alsb.com/">
				<CreditNeeded
					xmlns:soapenv="http://schemas.xmlsoap.org/soap/envelope/"
					xmlns:m="http://www.alsb.com/">
					710
				</CreditNeeded>
				<Name
					xmlns:soapenv="http://schemas.xmlsoap.org/soap/envelope/"
					xmlns:m="http://www.alsb.com/">
					Automobile
				</Name>
			</Product>
			<Product
				xmlns:soapenv="http://schemas.xmlsoap.org/soap/envelope/"
				xmlns:m="http://www.alsb.com/">
				<CreditNeeded
					xmlns:soapenv="http://schemas.xmlsoap.org/soap/envelope/"
					xmlns:m="http://www.alsb.com/">
					440
				</CreditNeeded>
				<Name
					xmlns:soapenv="http://schemas.xmlsoap.org/soap/envelope/"
					xmlns:m="http://www.alsb.com/">
					Paper Hat
				</Name>
			</Product>		
		</m:productList>	
	</m:getProductCatalogResponse>
</soapenv:Body>