<?xml version="1.0" encoding="UTF-8"?>
<soapenv:Envelope
	xmlns:soapenv="http://schemas.xmlsoap.org/soap/envelope/">
	<soapenv:Header />
	<soapenv:Body>
		<m:getProductCatalogResponse xmlns:m="http://www.alsb.com/">
			<m:productList>
				<Product>
					<CreditNeeded>610</CreditNeeded>
					<Name>Television</Name>
				</Product>
				<Product>
					<CreditNeeded>500</CreditNeeded>
					<Name>Microwave</Name>
				</Product>
				<Product>
					<CreditNeeded>710</CreditNeeded>
					<Name>Automobile</Name>
				</Product>
				<Product>
					<CreditNeeded>440</CreditNeeded>
					<Name>Paper Hat</Name>
				</Product>
			</m:productList>
		</m:getProductCatalogResponse>
	</soapenv:Body>
</soapenv:Envelope>
