<?xml version='1.0' encoding='UTF-8'?>
<java-wsdl-mapping xmlns="http://java.sun.com/xml/ns/j2ee" xmlns:xsi="http://www.w3.org/2001/XMLSchema-instance" version="1.1">
  <package-mapping>
    <package-type>com.alsbbook.business</package-type>
    <namespaceURI>http://example.org</namespaceURI>
  </package-mapping>
  <package-mapping>
    <package-type>com.alsbbook.business</package-type>
    <namespaceURI>java:com.alsbbook.business</namespaceURI>
  </package-mapping>
  <java-xml-type-mapping>
    <java-type>com.alsbbook.business.OrderResultValue</java-type>
    <root-type-qname xmlns:java="java:com.alsbbook.business">java:OrderResultValue</root-type-qname>
    <qname-scope>complexType</qname-scope>
    <variable-mapping>
      <java-variable-name>OrderDate</java-variable-name>
      <xml-element-name>OrderDate</xml-element-name>
    </variable-mapping>
    <variable-mapping>
      <java-variable-name>OrderId</java-variable-name>
      <xml-element-name>OrderId</xml-element-name>
    </variable-mapping>
    <variable-mapping>
      <java-variable-name>OrderStatus</java-variable-name>
      <xml-element-name>OrderStatus</xml-element-name>
    </variable-mapping>
  </java-xml-type-mapping>
  <java-xml-type-mapping>
    <java-type>com.alsbbook.business.OrderValue</java-type>
    <root-type-qname xmlns:java="java:com.alsbbook.business">java:OrderValue</root-type-qname>
    <qname-scope>complexType</qname-scope>
    <variable-mapping>
      <java-variable-name>OrderDate</java-variable-name>
      <xml-element-name>OrderDate</xml-element-name>
    </variable-mapping>
    <variable-mapping>
      <java-variable-name>OrderId</java-variable-name>
      <xml-element-name>OrderId</xml-element-name>
    </variable-mapping>
    <variable-mapping>
      <java-variable-name>FirstName</java-variable-name>
      <xml-element-name>FirstName</xml-element-name>
    </variable-mapping>
    <variable-mapping>
      <java-variable-name>LastName</java-variable-name>
      <xml-element-name>LastName</xml-element-name>
    </variable-mapping>
  </java-xml-type-mapping>
  <service-interface-mapping>
    <service-interface>com.alsbbook.business.SyncBusinessService</service-interface>
    <wsdl-service-name xmlns:exam="http://example.org">exam:SyncBusinessService</wsdl-service-name>
    <port-mapping>
      <port-name>SyncBusinessService</port-name>
      <java-port-name>SyncBusinessService</java-port-name>
    </port-mapping>
  </service-interface-mapping>
  <service-endpoint-interface-mapping>
    <service-endpoint-interface>com.alsbbook.business.SyncBusinessPortType</service-endpoint-interface>
    <wsdl-port-type xmlns:exam="http://example.org">exam:SyncBusinessPortType</wsdl-port-type>
    <wsdl-binding xmlns:exam="http://example.org">exam:SyncBusinessServiceSoapBinding</wsdl-binding>
    <service-endpoint-method-mapping>
      <java-method-name>submitOrder</java-method-name>
      <wsdl-operation>submitOrder</wsdl-operation>
      <wrapped-element></wrapped-element>
      <method-param-parts-mapping>
        <param-position>0</param-position>
        <param-type>com.alsbbook.business.OrderValue</param-type>
        <wsdl-message-mapping>
          <wsdl-message xmlns:exam="http://example.org">exam:submitOrder</wsdl-message>
          <wsdl-message-part-name>Order</wsdl-message-part-name>
          <parameter-mode>IN</parameter-mode>
        </wsdl-message-mapping>
      </method-param-parts-mapping>
      <wsdl-return-value-mapping>
        <method-return-value>com.alsbbook.business.OrderResultValue</method-return-value>
        <wsdl-message xmlns:exam="http://example.org">exam:submitOrderResponse</wsdl-message>
        <wsdl-message-part-name>OrderResultValue</wsdl-message-part-name>
      </wsdl-return-value-mapping>
    </service-endpoint-method-mapping>
  </service-endpoint-interface-mapping>
</java-wsdl-mapping>
