<?xml version='1.0' encoding='UTF-8'?>
<java-wsdl-mapping xmlns="http://java.sun.com/xml/ns/j2ee" xmlns:xsi="http://www.w3.org/2001/XMLSchema-instance" version="1.1">
  <package-mapping>
    <package-type>com.alsb.saaj</package-type>
    <namespaceURI>http://www.alsb.com</namespaceURI>
  </package-mapping>
  <package-mapping>
    <package-type>com.alsb</package-type>
    <namespaceURI>http://www.alsb.com</namespaceURI>
  </package-mapping>
  <java-xml-type-mapping>
    <java-type>com.alsb.SubmitMessage</java-type>
    <root-type-qname xmlns:alsb="http://www.alsb.com">alsb:submitMessage</root-type-qname>
    <qname-scope>element</qname-scope>
  </java-xml-type-mapping>
  <java-xml-type-mapping>
    <java-type>com.alsb.SubmitMessage</java-type>
    <anonymous-type-qname>http://www.alsb.com:&gt;submitMessage</anonymous-type-qname>
    <qname-scope>complexType</qname-scope>
    <variable-mapping>
      <java-variable-name>Msg</java-variable-name>
      <xml-element-name>msg</xml-element-name>
    </variable-mapping>
  </java-xml-type-mapping>
  <java-xml-type-mapping>
    <java-type>com.alsb.DummyMessage</java-type>
    <root-type-qname xmlns:alsb="http://www.alsb.com">alsb:DummyMessage</root-type-qname>
    <qname-scope>complexType</qname-scope>
    <variable-mapping>
      <java-variable-name>Id</java-variable-name>
      <xml-element-name>id</xml-element-name>
    </variable-mapping>
    <variable-mapping>
      <java-variable-name>Name</java-variable-name>
      <xml-element-name>Name</xml-element-name>
    </variable-mapping>
  </java-xml-type-mapping>
  <service-interface-mapping>
    <service-interface>com.alsb.saaj.SOAPAttachmentService</service-interface>
    <wsdl-service-name xmlns:alsb="http://www.alsb.com">alsb:SOAPAttachmentService</wsdl-service-name>
    <port-mapping>
      <port-name>SOAPAttachmentSoapPort</port-name>
      <java-port-name>SOAPAttachmentSoapPort</java-port-name>
    </port-mapping>
  </service-interface-mapping>
  <service-endpoint-interface-mapping>
    <service-endpoint-interface>com.alsb.saaj.SOAPAttachment</service-endpoint-interface>
    <wsdl-port-type xmlns:alsb="http://www.alsb.com">alsb:SOAPAttachment</wsdl-port-type>
    <wsdl-binding xmlns:alsb="http://www.alsb.com">alsb:SOAPAttachmentServiceSoapBinding</wsdl-binding>
    <service-endpoint-method-mapping>
      <java-method-name>submitMessage</java-method-name>
      <wsdl-operation>submitMessage</wsdl-operation>
      <method-param-parts-mapping>
        <param-position>0</param-position>
        <param-type>com.alsb.SubmitMessage</param-type>
        <wsdl-message-mapping>
          <wsdl-message xmlns:alsb="http://www.alsb.com">alsb:submitMessage</wsdl-message>
          <wsdl-message-part-name>parameters</wsdl-message-part-name>
          <parameter-mode>INOUT</parameter-mode>
        </wsdl-message-mapping>
      </method-param-parts-mapping>
    </service-endpoint-method-mapping>
  </service-endpoint-interface-mapping>
</java-wsdl-mapping>
