<?xml version="1.0" encoding="UTF-8"?>

<!--
  ** This file was automatically generated by 
  ** EJBGen WebLogic Server 9.2 SP1  Sun Jan 7 00:52:12 EST 2007 883308 
-->
<ejb-jar
  xmlns="http://java.sun.com/xml/ns/j2ee"
  xmlns:xsi="http://www.w3.org/2001/XMLSchema-instance"
  xsi:schemaLocation="http://java.sun.com/xml/ns/j2ee http://java.sun.com/xml/ns/j2ee/ejb-jar_2_1.xsd"
  version="2.1">
  <enterprise-beans>
    <session>
      <ejb-name>EJBBusiness</ejb-name>
      <home>com.alsb.ejb.EJBBusinessRemoteHome</home>
      <remote>com.alsb.ejb.EJBBusinessRemote</remote>
      <local-home>com.alsb.ejb.EJBBusinessLocalHome</local-home>
      <local>com.alsb.ejb.EJBBusinessLocal</local>
      <ejb-class>com.alsb.ejb.EJBBusiness</ejb-class>
      <session-type>Stateless</session-type>
      <transaction-type>Container</transaction-type>
    </session>
  </enterprise-beans>
  <assembly-descriptor>
    <container-transaction>
      <method>
        <ejb-name>EJBBusiness</ejb-name>
        <method-intf>Remote</method-intf>
        <method-name>calculateTax</method-name>
        <method-params>
          <method-param>double</method-param>
        </method-params>
      </method>
      <trans-attribute>Supports</trans-attribute>
    </container-transaction>
  </assembly-descriptor>
</ejb-jar>
