<?xml version="1.0" encoding="UTF-8"?>

<!--
  ** This file was automatically generated by 
  ** EJBGen WebLogic Server 9.2 SP1  Sun Jan 7 00:52:12 EST 2007 883308 
-->
<weblogic-ejb-jar
  xmlns="http://www.bea.com/ns/weblogic/90" xmlns:j2ee="http://java.sun.com/xml/ns/j2ee" xmlns:xsi="http://www.w3.org/2001/XMLSchema-instance" xsi:schemaLocation="http://www.bea.com/ns/weblogic/90 http://www.bea.com/ns/weblogic/90/weblogic-ejb-jar.xsd">
  <weblogic-enterprise-bean>
    <ejb-name>EJBBusiness</ejb-name>
    <stateless-session-descriptor>
    </stateless-session-descriptor>
    <jndi-name>ejb.EJBBusinessRemoteHome</jndi-name>
    <local-jndi-name>ejb.EJBBusinessLocalHome</local-jndi-name>
  </weblogic-enterprise-bean>
  <idempotent-methods>
    <method>
      <ejb-name>EJBBusiness</ejb-name>
      <method-name>calculateTax</method-name>
      <method-params>
        <method-param>double</method-param>
      </method-params>
    </method>
  </idempotent-methods>
</weblogic-ejb-jar>
